{"swagger":"2.0","info":{"title":"Default title","description":"","version":"1.0"},"host":"dev.azure.com","basePath":"/","schemes":["https"],"consumes":[],"produces":[],"paths":{"/{organization}/_apis/projects":{"get":{"responses":{"default":{"description":"default","schema":{"type":"object","properties":{"count":{"type":"integer","format":"int32","description":"count"},"value":{"type":"array","items":{"type":"object","properties":{"id":{"type":"string","description":"id"},"name":{"type":"string","description":"name"},"description":{"type":"string","description":"description"},"url":{"type":"string","description":"url"},"state":{"type":"string","description":"state"}}},"description":"value"}}}}},"summary":"List Projects","description":"List the Projects in an Azure DevOps organization","operationId":"ListProjects","parameters":[{"name":"organization","in":"path","required":true,"type":"string"}]}},"/{organization}/{project}/_apis/serviceendpoint/endpoints":{"get":{"responses":{"default":{"description":"default","schema":{"type":"object","properties":{"count":{"type":"integer","format":"int32","description":"count"},"value":{"type":"array","items":{"type":"object","properties":{"data":{"type":"object","properties":{},"description":"data"},"id":{"type":"string","description":"id"},"name":{"type":"string","description":"name"},"type":{"type":"string","description":"type"},"url":{"type":"string","description":"url"},"createdBy":{"type":"object","properties":{"displayName":{"type":"string","description":"displayName"},"url":{"type":"string","description":"url"},"_links":{"type":"object","properties":{"avatar":{"type":"object","properties":{"href":{"type":"string","description":"href"}},"description":"avatar"}},"description":"_links"},"id":{"type":"string","description":"id"},"uniqueName":{"type":"string","description":"uniqueName"},"imageUrl":{"type":"string","description":"imageUrl"},"descriptor":{"type":"string","description":"descriptor"}},"description":"createdBy"},"description":{"type":"string","description":"description"},"authorization":{"type":"object","properties":{"parameters":{"type":"object","properties":{"username":{"type":"string","description":"username"}},"description":"parameters"},"scheme":{"type":"string","description":"scheme"}},"description":"authorization"},"isShared":{"type":"boolean","description":"isShared"},"isReady":{"type":"boolean","description":"isReady"},"owner":{"type":"string","description":"owner"},"serviceEndpointProjectReferences":{"type":"array","items":{"type":"object","properties":{"projectReference":{"type":"object","properties":{"id":{"type":"string","description":"id"},"name":{"type":"string","description":"name"}},"description":"projectReference"},"name":{"type":"string","description":"name"}}},"description":"serviceEndpointProjectReferences"}}},"description":"value"}}}}},"summary":"List Service Endpoints","description":"List the Service Endpoints configured of a Project in a specific Azure DevOps organization","operationId":"ListServiceEndpoints","parameters":[{"name":"organization","in":"path","required":true,"type":"string"},{"name":"project","in":"path","required":true,"type":"string"}]},"post":{"responses":{"default":{"description":"default","schema":{}}},"summary":"Create Service Endpoint","description":"Create a Service Endpoint in a Project in an Azure DevOps Organization","operationId":"CreateServiceEndpoint","parameters":[{"name":"organization","in":"path","required":true,"type":"string"},{"name":"project","in":"path","required":true,"type":"string"},{"name":"api-version","in":"query","required":false,"type":"string"},{"name":"body","in":"body","required":false,"schema":{"type":"object","properties":{"administratorsGroup":{"type":"string","description":"administratorsGroup"},"authorization":{"type":"object","properties":{"scheme":{"type":"string","description":"scheme"},"parameters":{"type":"object","properties":{"tenantId":{"type":"string","description":"tenantId"},"applicationId":{"type":"string","description":"applicationId"},"clientSecret":{"type":"string","description":"clientSecret"}},"description":"parameters"}},"description":"authorization"},"createdBy":{"type":"string","description":"createdBy"},"data":{"type":"object","properties":{},"description":"data"},"description":{"type":"string","description":"description"},"groupScopeId":{"type":"string","description":"groupScopeId"},"name":{"type":"string","description":"name"},"operationStatus":{"type":"string","description":"operationStatus"},"readersGroup":{"type":"string","description":"readersGroup"},"serviceEndpointProjectReferences":{"type":"array","items":{"type":"object","properties":{"description":{"type":"string","description":"description"},"name":{"type":"string","description":"name"},"projectReference":{"type":"object","properties":{"id":{"type":"string","description":"id"},"name":{"type":"string","description":"name"}},"description":"projectReference"}}},"description":"serviceEndpointProjectReferences"},"type":{"type":"string","description":"type"},"url":{"type":"string","description":"url"},"isShared":{"type":"boolean","description":"isShared"},"owner":{"type":"string","description":"owner"}}}}]}},"/{organization}/{project}/_apis/serviceendpoint/endpoints/{endpointId}":{"get":{"responses":{"default":{"description":"default","schema":{"type":"object","properties":{"data":{"type":"object","properties":{},"description":"data"},"id":{"type":"string","description":"id"},"name":{"type":"string","description":"name"},"type":{"type":"string","description":"type"},"url":{"type":"string","description":"url"},"createdBy":{"type":"object","properties":{"displayName":{"type":"string","description":"displayName"},"url":{"type":"string","description":"url"},"_links":{"type":"object","properties":{"avatar":{"type":"object","properties":{"href":{"type":"string","description":"href"}},"description":"avatar"}},"description":"_links"},"id":{"type":"string","description":"id"},"uniqueName":{"type":"string","description":"uniqueName"},"imageUrl":{"type":"string","description":"imageUrl"},"descriptor":{"type":"string","description":"descriptor"}},"description":"createdBy"},"description":{"type":"string","description":"description"},"authorization":{"type":"object","properties":{"parameters":{"type":"object","properties":{"username":{"type":"string","description":"username"},"password":{"type":"string","description":"password"}},"description":"parameters"},"scheme":{"type":"string","description":"scheme"}},"description":"authorization"},"isShared":{"type":"boolean","description":"isShared"},"isReady":{"type":"boolean","description":"isReady"},"owner":{"type":"string","description":"owner"},"serviceEndpointProjectReferences":{"type":"array","items":{"type":"object","properties":{"projectReference":{"type":"object","properties":{"id":{"type":"string","description":"id"},"name":{"type":"string","description":"name"}},"description":"projectReference"},"name":{"type":"string","description":"name"}}},"description":"serviceEndpointProjectReferences"}}}}},"summary":"Get Service Endpoint","description":"Get a particular Service Endpoint in a Project in a specific Azure DevOps Organization using its ID","operationId":"GetServiceEndpoint","parameters":[{"name":"organization","in":"path","required":true,"type":"string"},{"name":"project","in":"path","required":true,"type":"string"},{"name":"endpointId","in":"path","required":true,"type":"string"}]},"delete":{"responses":{"default":{"description":"default","schema":{}}},"summary":"Delete Service Endpoint","description":"Delete a Service Endpoint in a Project in an Azure DevOps organization","operationId":"DeleteServiceEndpoint","parameters":[{"name":"organization","in":"path","required":true,"type":"string"},{"name":"project","in":"path","required":true,"type":"string"},{"name":"endpointId","in":"path","required":true,"type":"string"},{"name":"api-version","in":"query","required":false,"type":"string"},{"name":"Content-Type","in":"header","required":false,"type":"string"}]}},"/{organization}/_apis/serviceendpoint/endpoints":{},"/{organization}/{project}/_apis/build/authorizedresources":{},"/{organization}/{project}/{id}/_apis/build/authorizedresources":{},"/{organization}/{project}/_apis/pipelines/pipelinePermissions/endpoint/{endpointid}":{},"/PATCH https://dev.azure.com/{organisation}/{project}/_apis/pipelines/pipelinePermissions/endpoint/{endpointId}":{},"/{organisation}/{project}/_apis/pipelines/pipelinePermissions/endpoint/{endpointId}":{},"/{organisation}/{project}/_apis/build/authorizedresources":{"patch":{"responses":{"default":{"description":"default","schema":{}}},"summary":"Enable Service Endpoint For All Pipelines","description":"Enable a Service Endpoint for all the pipelines of a Project in an Azure DevOps Organization","operationId":"EnableServiceEndpointForAllPipelines","parameters":[{"name":"organisation","in":"path","required":true,"type":"string"},{"name":"project","in":"path","required":true,"type":"string"},{"name":"api-version","in":"query","required":false,"type":"string"},{"name":"body","in":"body","required":false,"schema":{"type":"array","items":{"type":"object","properties":{"type":{"type":"string","description":"type"},"id":{"type":"string","description":"id"},"authorized":{"type":"boolean","description":"authorized"}}}}}]}}},"definitions":{},"parameters":{},"responses":{},"securityDefinitions":{"undefined":{"type":"oauth2","flow":"accessCode","authorizationUrl":"https://app.vssps.visualstudio.com/oauth2/authorize","tokenUrl":"https://login.windows.net/common/oauth2/authorize","scopes":{"vso.build_execute vso.project vso.serviceendpoint_manage":"vso.build_execute vso.project vso.serviceendpoint_manage"}}},"security":[{"undefined":["vso.build_execute vso.project vso.serviceendpoint_manage"]}],"tags":[]}