{"properties":{"connectionReferences":{"shared_commondataserviceforapps":{"runtimeSource":"embedded","connection":{},"api":{"name":"shared_commondataserviceforapps"}}},"definition":{"$schema":"https://schema.management.azure.com/providers/Microsoft.Logic/schemas/2016-06-01/workflowdefinition.json#","contentVersion":"1.0.0.0","parameters":{"$connections":{"defaultValue":{},"type":"Object"},"$authentication":{"defaultValue":{},"type":"SecureObject"}},"triggers":{"manual":{"type":"Request","kind":"VirtualAgent","inputs":{"schema":{"type":"object","properties":{"text":{"title":"selectedWorkExperience","type":"string","x-ms-dynamically-added":true,"description":"Please enter your input","x-ms-content-hint":"TEXT"}},"required":["text"]}}}},"actions":{"Return_value(s)_to_Power_Virtual_Agents":{"runAfter":{"Build_Work_Experience_Details":["Succeeded"]},"type":"Response","kind":"VirtualAgent","inputs":{"statusCode":200,"body":{"selectedworkexperiencedetails":"@{outputs('Build_Work_Experience_Details')}"},"schema":{"type":"object","properties":{"selectedworkexperiencedetails":{"title":"selectedWorkExperienceDetails","x-ms-dynamically-added":true,"type":"string"}}}}},"Split_input_variable":{"runAfter":{"Initialize_\"Work_Experience_Dates\"_variable":["Succeeded"]},"type":"Compose","inputs":"@split(triggerBody()['text'], ' - ')","description":"Expected format: <Company Name> - <Position Title>"},"Company_Name":{"runAfter":{"Split_input_variable":["Succeeded"]},"type":"Compose","inputs":"@first(outputs('Split_input_variable'))"},"Position_Title":{"runAfter":{"Company_Name":["Succeeded"]},"type":"Compose","inputs":"@last(outputs('Split_input_variable'))"},"Build_Work_Experience_Details":{"runAfter":{"Set_\"Work_Experience_Dates\"_based_on_\"Current_Experience\"_field_value":["Succeeded"]},"type":"Compose","inputs":"## @{outputs('Get_Selected_Work_Experience')?['cra8f_name']}\n**@{outputs('Get_Considered_Company')?['name']} (@{outputs('Get_Considered_Company')?['address1_city']}, @{outputs('Get_Considered_Company')?['address1_stateorprovince']} - @{outputs('Get_Considered_Company')?['address1_country']})**\n\n@{variables('workExperienceDates')}\n\n**Description:**\n@{outputs('Get_Selected_Work_Experience')?['cra8f_description']}\n\n**Technologies:**\n@{outputs('Get_Selected_Work_Experience')?['cra8f_technologies']}"},"Get_Company":{"runAfter":{"Position_Title":["Succeeded"]},"type":"OpenApiConnection","inputs":{"host":{"connectionName":"shared_commondataserviceforapps","operationId":"ListRecords","apiId":"/providers/Microsoft.PowerApps/apis/shared_commondataserviceforapps"},"parameters":{"entityName":"accounts","$select":"accountid, name, address1_city, address1_stateorprovince, address1_country","$filter":"name eq '@{outputs('Company_Name')}'"},"authentication":"@parameters('$authentication')"}},"Get_Work_Experiences":{"runAfter":{"Get_Considered_Company":["Succeeded"]},"type":"OpenApiConnection","inputs":{"host":{"connectionName":"shared_commondataserviceforapps","operationId":"ListRecords","apiId":"/providers/Microsoft.PowerApps/apis/shared_commondataserviceforapps"},"parameters":{"entityName":"cra8f_experiences","$filter":"cra8f_name eq '@{outputs('Position_Title')}' and _cra8f_company_value eq '@{outputs('Get_Considered_Company')?['accountid']}'"},"authentication":"@parameters('$authentication')"}},"Get_Selected_Work_Experience":{"runAfter":{"Get_Work_Experiences":["Succeeded"]},"type":"Compose","inputs":"@first(outputs('Get_Work_Experiences')?['body/value'])"},"Get_Considered_Company":{"runAfter":{"Get_Company":["Succeeded"]},"type":"Compose","inputs":"@first(outputs('Get_Company')?['body/value'])"},"Set_\"Work_Experience_Dates\"_based_on_\"Current_Experience\"_field_value":{"actions":{"Set_\"Work_Experience_Dates\"_variable_if_it_is_current_experience":{"runAfter":{},"type":"SetVariable","inputs":{"name":"workExperienceDates","value":"📌\n\n| From: @{formatDateTime(outputs('Get_Selected_Work_Experience')?['cra8f_from'], 'MM/dd/yyyy')} |\n| --------------------------------------------------------------------------------------------- | "}}},"runAfter":{"Get_Selected_Work_Experience":["Succeeded"]},"else":{"actions":{"Set_\"Work_Experience_Dates\"_variable_if_it_is_not_the_current_experience":{"runAfter":{},"type":"SetVariable","inputs":{"name":"workExperienceDates","value":"| From: @{formatDateTime(outputs('Get_Selected_Work_Experience')?['cra8f_from'], 'MM/dd/yyyy')} | To: @{formatDateTime(outputs('Get_Selected_Work_Experience')?['cra8f_to'], 'MM/dd/yyyy')} |\n| --------------------------------------------------------------------------------------------- | ----------------------------------------------------------------------------------------- |"}}}},"expression":{"equals":["@outputs('Get_Selected_Work_Experience')?['cra8f_currentexperience']","@true"]},"type":"If"},"Initialize_\"Work_Experience_Dates\"_variable":{"runAfter":{},"type":"InitializeVariable","inputs":{"variables":[{"name":"workExperienceDates","type":"string"}]}}},"outputs":{}}},"schemaVersion":"1.0.0.0"}