{"properties":{"connectionReferences":{"shared_commondataserviceforapps":{"runtimeSource":"embedded","connection":{},"api":{"name":"shared_commondataserviceforapps"}}},"definition":{"$schema":"https://schema.management.azure.com/providers/Microsoft.Logic/schemas/2016-06-01/workflowdefinition.json#","contentVersion":"1.0.0.0","parameters":{"$connections":{"defaultValue":{},"type":"Object"},"$authentication":{"defaultValue":{},"type":"SecureObject"}},"triggers":{"manual":{"type":"Request","kind":"VirtualAgent","inputs":{"schema":{"type":"object","properties":{"text":{"title":"selectedEventParticipation","type":"string","x-ms-dynamically-added":true,"description":"Please enter your input","x-ms-content-hint":"TEXT"}},"required":["text"]}}}},"actions":{"Return_value(s)_to_Power_Virtual_Agents":{"runAfter":{"Build_Event_Participation_Details":["Succeeded"]},"type":"Response","kind":"VirtualAgent","inputs":{"statusCode":200,"body":{"selectedeventparticipationdetails":"@{outputs('Build_Event_Participation_Details')}"},"schema":{"type":"object","properties":{"selectedeventparticipationdetails":{"title":"selectedEventParticipationDetails","x-ms-dynamically-added":true,"type":"string"}}}}},"Build_Event_Participation_Details":{"runAfter":{"Set_\"Event_Content\"_variable_if_field_value_not_empty":["Succeeded"]},"type":"Compose","inputs":"## @{outputs('Focus_on_Event_Participation_found')?['cra8f_name']}\n\nI participated to this event as a **@{outputs('Get_Participation_As_label')}**\n\n| Start Date: @{formatDateTime(outputs('Focus_on_Event_Participation_found')?['cra8f_startdate'], 'MM/dd/yyyy')} | End Date: @{formatDateTime(outputs('Focus_on_Event_Participation_found')?['cra8f_enddate'], 'MM/dd/yyyy')} |\n| -------------------------------------------------------------------------------------------------------------- | ---------------------------------------------------------------------------------------------------------- |\n\n**Description:**\n@{outputs('Focus_on_Event_Participation_found')?['cra8f_description']}\n\n| @{variables('eventLink')} | @{variables('eventContent')} |\n| ------------------------- | ---------------------------- |"},"Get_Event_Participation":{"runAfter":{"Initialize_\"Event_Content\"_variable":["Succeeded"]},"type":"OpenApiConnection","inputs":{"host":{"connectionName":"shared_commondataserviceforapps","operationId":"ListRecords","apiId":"/providers/Microsoft.PowerApps/apis/shared_commondataserviceforapps"},"parameters":{"entityName":"cra8f_eventparticipations","$filter":"cra8f_name eq '@{triggerBody()['text']}'"},"authentication":"@parameters('$authentication')"}},"Focus_on_Event_Participation_found":{"runAfter":{"Get_Event_Participation":["Succeeded"]},"type":"Compose","inputs":"@first(outputs('Get_Event_Participation')?['body/value'])"},"Get_Participation_As_label":{"runAfter":{"Focus_on_Event_Participation_found":["Succeeded"]},"type":"Compose","inputs":"@if(\r\n    equals(outputs('Focus_on_Event_Participation_found')?['cra8f_participationas'], 184660000),\r\n    'Participant',\r\n    if(\r\n        equals(outputs('Focus_on_Event_Participation_found')?['cra8f_participationas'], 184660001),\r\n        'Speaker',\r\n        if(\r\n            equals(outputs('Focus_on_Event_Participation_found')?['cra8f_participationas'], 184660002),\r\n            'Organizer',\r\n            if(\r\n                equals(outputs('Focus_on_Event_Participation_found')?['cra8f_participationas'], 184660003),\r\n                'Team Lead',\r\n                'Unknown'\r\n            )\r\n        )\r\n    )\r\n)"},"Set_\"Event_Link\"_variable_if_field_value_not_empty":{"actions":{"Set_\"Event_Link\"_variable":{"runAfter":{},"type":"SetVariable","inputs":{"name":"eventLink","value":"[Event](@{outputs('Focus_on_Event_Participation_found')?['cra8f_eventlink']})"}}},"runAfter":{"Get_Participation_As_label":["Succeeded"]},"expression":{"equals":["@empty(outputs('Focus_on_Event_Participation_found')?['cra8f_eventlink'])","@false"]},"type":"If"},"Initialize_\"Event_Link\"_variable":{"runAfter":{},"type":"InitializeVariable","inputs":{"variables":[{"name":"eventLink","type":"string"}]}},"Initialize_\"Event_Content\"_variable":{"runAfter":{"Initialize_\"Event_Link\"_variable":["Succeeded"]},"type":"InitializeVariable","inputs":{"variables":[{"name":"eventContent","type":"string"}]}},"Set_\"Event_Content\"_variable_if_field_value_not_empty":{"actions":{"Set_\"Event_Content\"_variable":{"runAfter":{},"type":"SetVariable","inputs":{"name":"eventContent","value":"[Content](@{outputs('Focus_on_Event_Participation_found')?['cra8f_contentlink']})"}}},"runAfter":{"Set_\"Event_Link\"_variable_if_field_value_not_empty":["Succeeded"]},"expression":{"equals":["@empty(outputs('Focus_on_Event_Participation_found')?['cra8f_contentlink'])","@false"]},"type":"If"}},"outputs":{}}},"schemaVersion":"1.0.0.0"}