{"properties":{"connectionReferences":{"shared_commondataserviceforapps":{"runtimeSource":"embedded","connection":{},"api":{"name":"shared_commondataserviceforapps"}}},"definition":{"$schema":"https://schema.management.azure.com/providers/Microsoft.Logic/schemas/2016-06-01/workflowdefinition.json#","contentVersion":"1.0.0.0","parameters":{"$connections":{"defaultValue":{},"type":"Object"},"$authentication":{"defaultValue":{},"type":"SecureObject"}},"triggers":{"manual":{"type":"Request","kind":"VirtualAgent","inputs":{"schema":{"type":"object","properties":{"text":{"title":"varSelectedContact","type":"string","x-ms-dynamically-added":true,"description":"Please enter your input","x-ms-content-hint":"TEXT"}},"required":["text"]}}}},"actions":{"Return_value(s)_to_Power_Virtual_Agents":{"runAfter":{"Switch_based_on_input_selected_contact":["Succeeded"]},"type":"Response","kind":"VirtualAgent","inputs":{"statusCode":200,"body":{"contactdetails":"@variables('contactDetails')"},"schema":{"type":"object","properties":{"contactdetails":{"title":"contactDetails","x-ms-dynamically-added":true,"type":"string"}}}}},"Initialize_\"Contact_Details\"_variable":{"runAfter":{},"type":"InitializeVariable","inputs":{"variables":[{"name":"contactDetails","type":"string"}]}},"Switch_based_on_input_selected_contact":{"runAfter":{"Get_My_Profile":["Succeeded"]},"cases":{"LinkedIn":{"case":"LinkedIn","actions":{"Update_\"Contact_Details\"_variable_-_LinkedIn":{"runAfter":{},"type":"SetVariable","inputs":{"name":"contactDetails","value":"[![LinkedIn Logo](https://cdn4.iconfinder.com/data/icons/social-messaging-ui-color-shapes-2-free/128/social-linkedin-circle-512.png)](@{outputs('Get_My_Profile')?['body/cra8f_linkedin']})\n\n(If you click on the logo you will be redirected to my LinkedIn profile)"}}}},"Twitter":{"case":"Twitter","actions":{"Update_\"Contact_Details\"_variable_-_Twitter":{"runAfter":{},"type":"SetVariable","inputs":{"name":"contactDetails","value":"[![Twitter Logo](https://www.aps.edu/sapr/images/pnglot.comtwitterbirdlogopng139932.png/image)](@{outputs('Get_My_Profile')?['body/cra8f_twitter']})\n\n(If you click on the logo you will be redirected to my Twitter profile)"}}}},"Blog":{"case":"Blog","actions":{"Update_\"Contact_Details\"_variable_-_Blog":{"runAfter":{},"type":"SetVariable","inputs":{"name":"contactDetails","value":"[![Medium Logo](https://miro.medium.com/max/390/1*emiGsBgJu2KHWyjluhKXQw.png)](@{outputs('Get_My_Profile')?['body/cra8f_blog']})\n\n(If you click on the logo you will be redirected to my blog)"}}}},"YouTube":{"case":"YouTube","actions":{"Update_\"Contact_Details\"_variable_-_YouTube":{"runAfter":{},"type":"SetVariable","inputs":{"name":"contactDetails","value":"[![Medium Logo](https://www.techadvisor.co.uk/cmsdata/features/3655343/how-to-skip-ads-on-youtube-logo-_thumb1200_16-9.jpg)](@{outputs('Get_My_Profile')?['body/cra8f_youtube']})\n\n(If you click on the logo you will be redirected to my YouTube page)"}}}},"Email":{"case":"Email","actions":{"Update_\"Contact_Details\"_variable_-_Email":{"runAfter":{},"type":"SetVariable","inputs":{"name":"contactDetails","value":"[![Email Logo](https://image.freepik.com/free-vector/email-envelope-concept_34259-135.jpg)](mailto:@{outputs('Get_My_Profile')?['body/cra8f_email']})\n\n(If you click on the logo you will be abe able to send me an email)"}}}}},"default":{"actions":{"Set_\"Contact_Details\"_variable_with_default_value":{"runAfter":{},"type":"SetVariable","inputs":{"name":"contactDetails","value":"I am really sorry, I did not understand with contact link you would like to have. Try again please."}}}},"expression":"@triggerBody()['text']","type":"Switch"},"Get_My_Profile":{"runAfter":{"Initialize_\"Contact_Details\"_variable":["Succeeded"]},"type":"OpenApiConnection","inputs":{"host":{"connectionName":"shared_commondataserviceforapps","operationId":"GetItem","apiId":"/providers/Microsoft.PowerApps/apis/shared_commondataserviceforapps"},"parameters":{"entityName":"cra8f_profiles","recordId":"468fc252-398f-ea11-a811-000d3af4346a"},"authentication":"@parameters('$authentication')"}}},"outputs":{}}},"schemaVersion":"1.0.0.0"}