{"properties":{"connectionReferences":{"shared_commondataserviceforapps":{"runtimeSource":"embedded","connection":{},"api":{"name":"shared_commondataserviceforapps"}}},"definition":{"$schema":"https://schema.management.azure.com/providers/Microsoft.Logic/schemas/2016-06-01/workflowdefinition.json#","contentVersion":"1.0.0.0","parameters":{"$connections":{"defaultValue":{},"type":"Object"},"$authentication":{"defaultValue":{},"type":"SecureObject"}},"triggers":{"manual":{"type":"Request","kind":"VirtualAgent","inputs":{"schema":{"type":"object","properties":{},"required":[]}}}},"actions":{"Return_value(s)_to_Power_Virtual_Agents":{"runAfter":{"Build_Studies_and_Certifications_details":["Succeeded"]},"type":"Response","kind":"VirtualAgent","inputs":{"statusCode":200,"body":{"detailsaboutstudiesandcertifications":"@{outputs('Build_Studies_and_Certifications_details')}"},"schema":{"type":"object","properties":{"detailsaboutstudiesandcertifications":{"title":"detailsAboutStudiesAndCertifications","x-ms-dynamically-added":true,"type":"string"}}}}},"Build_Studies_and_Certifications_details":{"runAfter":{"Apply_to_each":["Succeeded"]},"type":"Compose","inputs":"I had the honor to study in **@{variables('nbOfSchools')}** different schools / universities:\n@{variables('studiesDetails')}\nAnd I ended this period of my life with **@{variables('nbOfDegrees')}** diploma(s):\n@{variables('degreesDetails')}\nSince I arrived in Montreal I obtained **@{variables('nbOfCertifications')}** certifications:\n@{variables('certificationsDetails')}"},"Get_My_Studies_details":{"runAfter":{"Get_Organizations":["Succeeded"]},"type":"OpenApiConnection","inputs":{"host":{"connectionName":"shared_commondataserviceforapps","operationId":"ListRecords","apiId":"/providers/Microsoft.PowerApps/apis/shared_commondataserviceforapps"},"parameters":{"entityName":"cra8f_degrees"},"authentication":"@parameters('$authentication')"}},"Get_My_Certifications_details":{"runAfter":{"For_each_Study_line":["Succeeded"]},"type":"OpenApiConnection","inputs":{"host":{"connectionName":"shared_commondataserviceforapps","operationId":"ListRecords","apiId":"/providers/Microsoft.PowerApps/apis/shared_commondataserviceforapps"},"parameters":{"entityName":"cra8f_certifications"},"authentication":"@parameters('$authentication')"}},"Initialize_\"Nb_Of_Schools\"_variable":{"runAfter":{},"type":"InitializeVariable","inputs":{"variables":[{"name":"nbOfSchools","type":"integer","value":0}]}},"Initialize_\"Nb_Of_Degrees\"_variable":{"runAfter":{"Initialize_\"Nb_Of_Schools\"_variable":["Succeeded"]},"type":"InitializeVariable","inputs":{"variables":[{"name":"nbOfDegrees","type":"integer","value":0}]}},"Initialize_\"Studies_Details\"_variable":{"runAfter":{"Initialize_\"Nb_Of_Degrees\"_variable":["Succeeded"]},"type":"InitializeVariable","inputs":{"variables":[{"name":"studiesDetails","type":"string"}]}},"Initialize_\"Degrees_Details\"_variable":{"runAfter":{"Initialize_\"Studies_Details\"_variable":["Succeeded"]},"type":"InitializeVariable","inputs":{"variables":[{"name":"degreesDetails","type":"string"}]}},"Initialize_\"Nb_Of_Certifications\"_variable":{"runAfter":{"Initialize_\"Degrees_Details\"_variable":["Succeeded"]},"type":"InitializeVariable","inputs":{"variables":[{"name":"nbOfCertifications","type":"integer","value":0}]}},"Initialize_\"Certifications_Details\"_variable":{"runAfter":{"Initialize_\"Nb_Of_Certifications\"_variable":["Succeeded"]},"type":"InitializeVariable","inputs":{"variables":[{"name":"certificationsDetails","type":"string"}]}},"Get_Organizations":{"runAfter":{"Initialize_\"Certifications_Details\"_variable":["Succeeded"]},"type":"OpenApiConnection","inputs":{"host":{"connectionName":"shared_commondataserviceforapps","operationId":"ListRecords","apiId":"/providers/Microsoft.PowerApps/apis/shared_commondataserviceforapps"},"parameters":{"entityName":"accounts","$select":"accountid, name"},"authentication":"@parameters('$authentication')"}},"For_each_Study_line":{"foreach":"@outputs('Get_My_Studies_details')?['body/value']","actions":{"Build_Study_Details_line":{"runAfter":{"Get_School_or_University":["Succeeded"]},"type":"Compose","inputs":"- **@{first(body('Get_School_or_University'))?['name']}** from @{formatDateTime(items('For_each_Study_line')?['cra8f_startdate'], 'MMMMM yyyy')} to @{formatDateTime(items('For_each_Study_line')?['cra8f_enddate'], 'MMMMM yyyy')}"},"Study_Details_line_+_New_line":{"runAfter":{"Build_Study_Details_line":["Succeeded"]},"type":"Compose","inputs":"@concat(outputs('Build_Study_Details_line'), '\r\n')"},"Add_new_Study_Details_line_to_\"Studies_Details\"_variable":{"runAfter":{"Study_Details_line_+_New_line":["Succeeded"]},"type":"Compose","inputs":"@concat(variables('studiesDetails'), outputs('Study_Details_line_+_New_line'))"},"Update_\"Studies_Details\"_variable":{"runAfter":{"Add_new_Study_Details_line_to_\"Studies_Details\"_variable":["Succeeded"]},"type":"SetVariable","inputs":{"name":"studiesDetails","value":"@{outputs('Add_new_Study_Details_line_to_\"Studies_Details\"_variable')}"}},"Increment_\"Nb_Of_Schools\"_variable":{"runAfter":{},"type":"IncrementVariable","inputs":{"name":"nbOfSchools","value":1}},"Get_School_or_University":{"runAfter":{"Increment_\"Nb_Of_Schools\"_variable":["Succeeded"]},"type":"Query","inputs":{"from":"@outputs('Get_Organizations')?['body/value']","where":"@equals(item()?['accountid'], items('For_each_Study_line')?['_cra8f_organization_value'])"}},"If_graduated_update_\"Degrees_Details\"_variable":{"actions":{"Increment_\"Nb_Of_Degrees\"_variable":{"runAfter":{},"type":"IncrementVariable","inputs":{"name":"nbOfDegrees","value":1}},"Build_Degree_Details_line":{"runAfter":{"Increment_\"Nb_Of_Degrees\"_variable":["Succeeded"]},"type":"Compose","inputs":"- **@{items('For_each_Study_line')?['cra8f_degree']}** from **@{first(body('Get_School_or_University'))?['name']}** in @{formatDateTime(items('For_each_Study_line')?['cra8f_enddate'], 'MMMMM yyyy')}"},"Degree_Details_line_+_New_line":{"runAfter":{"Build_Degree_Details_line":["Succeeded"]},"type":"Compose","inputs":"@concat(outputs('Build_Degree_Details_line'), '\r\n')"},"Add_new_Degree_Details_line_to_\"Degrees_Details\"_variable":{"runAfter":{"Degree_Details_line_+_New_line":["Succeeded"]},"type":"Compose","inputs":"@concat(variables('degreesDetails'), outputs('Degree_Details_line_+_New_line'))"},"Update_\"Degrees_Details\"_variable":{"runAfter":{"Add_new_Degree_Details_line_to_\"Degrees_Details\"_variable":["Succeeded"]},"type":"SetVariable","inputs":{"name":"degreesDetails","value":"@{outputs('Add_new_Degree_Details_line_to_\"Degrees_Details\"_variable')}"}}},"runAfter":{"Update_\"Studies_Details\"_variable":["Succeeded"]},"expression":{"equals":["@items('For_each_Study_line')?['cra8f_graduated']","@true"]},"type":"If"}},"runAfter":{"Get_My_Studies_details":["Succeeded"]},"type":"Foreach"},"Apply_to_each":{"foreach":"@outputs('Get_My_Certifications_details')?['body/value']","actions":{"Increment_\"Nb_Of_Certifications\"_variable":{"runAfter":{},"type":"IncrementVariable","inputs":{"name":"nbOfCertifications","value":1}},"Get_Certification_Organization":{"runAfter":{"Increment_\"Nb_Of_Certifications\"_variable":["Succeeded"]},"type":"Query","inputs":{"from":"@outputs('Get_Organizations')?['body/value']","where":"@equals(item()?['accountid'], items('Apply_to_each')?['_cra8f_organization_value'])"}},"Build_Certification_Details_line":{"runAfter":{"Get_Certification_Organization":["Succeeded"]},"type":"Compose","inputs":"- **@{items('Apply_to_each')?['cra8f_certification']}** from **@{first(body('Get_Certification_Organization'))?['name']}**: valid from @{formatDateTime(items('Apply_to_each')?['cra8f_validfrom'], 'MMMM yyyy')} to @{formatDateTime(items('Apply_to_each')?['cra8f_validto'], 'MMMM yyyy')}"},"Certification_Details_line_+_New_line":{"runAfter":{"Build_Certification_Details_line":["Succeeded"]},"type":"Compose","inputs":"@concat(outputs('Build_Certification_Details_line'), '\r\n')"},"Add_new_Certification_Details_line_to_\"Certifications_Details\"_variable":{"runAfter":{"Certification_Details_line_+_New_line":["Succeeded"]},"type":"Compose","inputs":"@concat(variables('certificationsDetails'), outputs('Certification_Details_line_+_New_line'))"},"Update_\"Certifications_Details\"_variable":{"runAfter":{"Add_new_Certification_Details_line_to_\"Certifications_Details\"_variable":["Succeeded"]},"type":"SetVariable","inputs":{"name":"certificationsDetails","value":"@{outputs('Add_new_Certification_Details_line_to_\"Certifications_Details\"_variable')}"}}},"runAfter":{"Get_My_Certifications_details":["Succeeded"]},"type":"Foreach"}},"outputs":{}}},"schemaVersion":"1.0.0.0"}