{"properties":{"connectionReferences":{"shared_commondataserviceforapps":{"runtimeSource":"embedded","connection":{},"api":{"name":"shared_commondataserviceforapps"}}},"definition":{"$schema":"https://schema.management.azure.com/providers/Microsoft.Logic/schemas/2016-06-01/workflowdefinition.json#","contentVersion":"1.0.0.0","parameters":{"$connections":{"defaultValue":{},"type":"Object"},"$authentication":{"defaultValue":{},"type":"SecureObject"}},"triggers":{"manual":{"type":"Request","kind":"VirtualAgent","inputs":{"schema":{"type":"object","properties":{"text":{"title":"varSelectedSkillsCategory","type":"string","x-ms-dynamically-added":true,"description":"Please enter your input","x-ms-content-hint":"TEXT"}},"required":["text"]}}}},"actions":{"Return_value(s)_to_Power_Virtual_Agents":{"runAfter":{"Build_Skills_Details":["Succeeded"]},"type":"Response","kind":"VirtualAgent","inputs":{"statusCode":200,"body":{"skillsdetails":"@{outputs('Build_Skills_Details')}"},"schema":{"type":"object","properties":{"skillsdetails":{"title":"skillsDetails","x-ms-dynamically-added":true,"type":"string"}}}}},"Build_Skills_Details":{"runAfter":{"For_each_one_of_My_Skills":["Succeeded"]},"type":"Compose","inputs":"Here are the skills I have in the considered category:\n@{variables('skillsDetails')}"},"Levels_code_value_mapping":{"runAfter":{"Initialize_\"Considered_Skills\"_variable":["Succeeded"]},"type":"Compose","inputs":[{"code":184660000,"value":"⭐️"},{"code":184660001,"value":"⭐️⭐️"},{"code":184660002,"value":"⭐️⭐️⭐️"},{"code":184660003,"value":"⭐️⭐️⭐️⭐️"},{"code":184660004,"value":"⭐️⭐️⭐️⭐️⭐️"}]},"Initialize_\"Skills_Details\"_variable":{"runAfter":{},"type":"InitializeVariable","inputs":{"variables":[{"name":"skillsDetails","type":"string"}]}},"Get_Skills":{"runAfter":{"Skill_Categories_code_value_mapping":["Succeeded"]},"type":"OpenApiConnection","inputs":{"host":{"connectionName":"shared_commondataserviceforapps","operationId":"ListRecords","apiId":"/providers/Microsoft.PowerApps/apis/shared_commondataserviceforapps"},"parameters":{"entityName":"cra8f_skills","$select":"cra8f_skillid, cra8f_skill, cra8f_skillcategory"},"authentication":"@parameters('$authentication')"}},"Get_My_Skills":{"runAfter":{"Get_Skills_based_on_selected_Skills_Family":["Succeeded"]},"type":"OpenApiConnection","inputs":{"host":{"connectionName":"shared_commondataserviceforapps","operationId":"ListRecords","apiId":"/providers/Microsoft.PowerApps/apis/shared_commondataserviceforapps"},"parameters":{"entityName":"cra8f_personskills"},"authentication":"@parameters('$authentication')"}},"Initialize_\"Considered_Skills\"_variable":{"runAfter":{"Initialize_\"Skills_Details\"_variable":["Succeeded"]},"type":"InitializeVariable","inputs":{"variables":[{"name":"consideredSkills","type":"array"}]}},"Get_Skills_based_on_selected_Skills_Family":{"actions":{"Get_Skills_of_the_selected_family_it_is_not_\"Others\"":{"runAfter":{},"type":"Query","inputs":{"from":"@outputs('Get_Skills')?['body/value']","where":"@contains(item()?['cra8f_skill'], triggerBody()['text'])"}},"Set_\"Considered_Skills\"_variable_if_it_is_not_\"Others\"":{"runAfter":{"Get_Skills_of_the_selected_family_it_is_not_\"Others\"":["Succeeded"]},"type":"SetVariable","inputs":{"name":"consideredSkills","value":"@body('Get_Skills_of_the_selected_family_it_is_not_\"Others\"')"}}},"runAfter":{"Get_Skills":["Succeeded"]},"else":{"actions":{"Get_Skills_of_the_selected_family_it_is_\"Others\"":{"runAfter":{},"type":"Query","inputs":{"from":"@outputs('Get_Skills')?['body/value']","where":"@and(\n\tnot(contains(item()?['cra8f_skill'], 'Azure')),\n\tnot(contains(item()?['cra8f_skill'], 'Dynamics 365')),\n\tnot(contains(item()?['cra8f_skill'], 'Power')),\n\tnot(contains(item()?['cra8f_skill'], 'Microsoft'))\n)"}},"Set_\"Considered_Skills\"_variable_if_it_is_\"Others\"":{"runAfter":{"Get_Skills_of_the_selected_family_it_is_\"Others\"":["Succeeded"]},"type":"SetVariable","inputs":{"name":"consideredSkills","value":"@body('Get_Skills_of_the_selected_family_it_is_\"Others\"')"}}}},"expression":{"not":{"equals":["@triggerBody()['text']","Others"]}},"type":"If"},"Skill_Categories_code_value_mapping":{"runAfter":{"Levels_code_value_mapping":["Succeeded"]},"type":"Compose","inputs":[{"code":true,"value":"Hard Skill"},{"code":false,"value":"Soft Skill"}]},"For_each_one_of_My_Skills":{"foreach":"@outputs('Get_My_Skills')?['body/value']","actions":{"Get_considered_Skill":{"runAfter":{},"type":"Query","inputs":{"from":"@variables('consideredSkills')","where":"@equals(item()?['cra8f_skillid'], items('For_each_one_of_My_Skills')?['_cra8f_skill_value'])"}},"If_this_Skill_is_in_the_considered_list,_continue":{"actions":{"Get_Level_value":{"runAfter":{},"type":"Query","inputs":{"from":"@outputs('Levels_code_value_mapping')","where":"@equals(item()?['code'], items('For_each_one_of_My_Skills')?['cra8f_level'])"}},"Get_Skill_Category_value":{"runAfter":{"Get_Level_value":["Succeeded"]},"type":"Query","inputs":{"from":"@outputs('Skill_Categories_code_value_mapping')","where":"@equals(item()?['code'], first(body('Get_considered_Skill'))?['cra8f_skillcategory'])"}},"Build_Skill_Details_line":{"runAfter":{"Get_Skill_Category_value":["Succeeded"]},"type":"Compose","inputs":"- **@{first(body('Get_considered_Skill'))?['cra8f_skill']}** @{first(body('Get_Level_value'))?['value']} (@{first(body('Get_Skill_Category_value'))?['value']})"},"Skill_Details_line_+_New_line":{"runAfter":{"Build_Skill_Details_line":["Succeeded"]},"type":"Compose","inputs":"@concat(outputs('Build_Skill_Details_line'), '\r\n')"},"Add_new_Skill_Details_name_to_\"Skills_Details\"_variable":{"runAfter":{"Skill_Details_line_+_New_line":["Succeeded"]},"type":"Compose","inputs":"@concat(variables('skillsDetails'), outputs('Skill_Details_line_+_New_line'))"},"Update_\"Skills_Details\"_variable":{"runAfter":{"Add_new_Skill_Details_name_to_\"Skills_Details\"_variable":["Succeeded"]},"type":"SetVariable","inputs":{"name":"skillsDetails","value":"@{outputs('Add_new_Skill_Details_name_to_\"Skills_Details\"_variable')}"}}},"runAfter":{"Get_considered_Skill":["Succeeded"]},"expression":{"greater":["@length(body('Get_considered_Skill'))",0]},"type":"If"}},"runAfter":{"Get_My_Skills":["Succeeded"]},"type":"Foreach"}},"outputs":{}}},"schemaVersion":"1.0.0.0"}