{"properties":{"connectionReferences":{"shared_commondataserviceforapps":{"runtimeSource":"embedded","connection":{},"api":{"name":"shared_commondataserviceforapps"}}},"definition":{"$schema":"https://schema.management.azure.com/providers/Microsoft.Logic/schemas/2016-06-01/workflowdefinition.json#","contentVersion":"1.0.0.0","parameters":{"$connections":{"defaultValue":{},"type":"Object"},"$authentication":{"defaultValue":{},"type":"SecureObject"}},"triggers":{"manual":{"type":"Request","kind":"VirtualAgent","inputs":{"schema":{"type":"object","properties":{},"required":[]}}}},"actions":{"Return_value(s)_to_Power_Virtual_Agents":{"runAfter":{"Build_Languages_Details":["Succeeded"]},"type":"Response","kind":"VirtualAgent","inputs":{"statusCode":200,"body":{"langaugesdetails":"@{outputs('Build_Languages_Details')}"},"schema":{"type":"object","properties":{"langaugesdetails":{"title":"langaugesDetails","x-ms-dynamically-added":true,"type":"string"}}}}},"Build_Languages_Details":{"runAfter":{"For_each_one_of_My_Languages":["Succeeded"]},"type":"Compose","inputs":"Here are the languages I am more or less comfortable with:\n@{variables('languagesDetails')}"},"Initialize_\"Languages_Details\"_variable":{"runAfter":{},"type":"InitializeVariable","inputs":{"variables":[{"name":"languagesDetails","type":"string"}]}},"Get_My_Languages":{"runAfter":{"Get_Languages":["Succeeded"]},"type":"OpenApiConnection","inputs":{"host":{"connectionName":"shared_commondataserviceforapps","operationId":"ListRecords","apiId":"/providers/Microsoft.PowerApps/apis/shared_commondataserviceforapps"},"parameters":{"entityName":"cra8f_personlanguages"},"authentication":"@parameters('$authentication')"}},"Get_Languages":{"runAfter":{"Levels_code_value_mapping":["Succeeded"]},"type":"OpenApiConnection","inputs":{"host":{"connectionName":"shared_commondataserviceforapps","operationId":"ListRecords","apiId":"/providers/Microsoft.PowerApps/apis/shared_commondataserviceforapps"},"parameters":{"entityName":"cra8f_languages","$select":"cra8f_languageid, cra8f_language"},"authentication":"@parameters('$authentication')"}},"For_each_one_of_My_Languages":{"foreach":"@outputs('Get_My_Languages')?['body/value']","actions":{"Get_considered_Language":{"runAfter":{},"type":"Query","inputs":{"from":"@outputs('Get_Languages')?['body/value']","where":"@equals(item()?['cra8f_languageid'], items('For_each_one_of_My_Languages')?['_cra8f_language_value'])"}},"Build_Language_Details_line":{"runAfter":{"Get_Level_value":["Succeeded"]},"type":"Compose","inputs":"- **@{first(body('Get_considered_Language'))?['cra8f_language']}** @{first(body('Get_Level_value'))?['value']} @{if(items('For_each_one_of_My_Languages')?['cra8f_nativelanguage'], ' (Mother tongue)', '')}"},"Language_Details_line_+_New_line":{"runAfter":{"Build_Language_Details_line":["Succeeded"]},"type":"Compose","inputs":"@concat(outputs('Build_Language_Details_line'), '\r\n')"},"Add_new_Language_Details_line_to_\"Languages_Details\"_variable":{"runAfter":{"Language_Details_line_+_New_line":["Succeeded"]},"type":"Compose","inputs":"@concat(variables('languagesDetails'), outputs('Language_Details_line_+_New_line'))"},"Update_\"Languages_Details\"_variable":{"runAfter":{"Add_new_Language_Details_line_to_\"Languages_Details\"_variable":["Succeeded"]},"type":"SetVariable","inputs":{"name":"languagesDetails","value":"@{outputs('Add_new_Language_Details_line_to_\"Languages_Details\"_variable')}"}},"Get_Level_value":{"runAfter":{"Get_considered_Language":["Succeeded"]},"type":"Query","inputs":{"from":"@outputs('Levels_code_value_mapping')","where":"@equals(item()?['code'], items('For_each_one_of_My_Languages')?['cra8f_level'])"}}},"runAfter":{"Get_My_Languages":["Succeeded"]},"type":"Foreach"},"Levels_code_value_mapping":{"runAfter":{"Initialize_\"Languages_Details\"_variable":["Succeeded"]},"type":"Compose","inputs":[{"code":184660000,"value":"❄"},{"code":184660001,"value":"❄❄"},{"code":184660002,"value":"❄❄❄"},{"code":184660003,"value":"❄❄❄❄"},{"code":184660004,"value":"❄❄❄❄❄"}]}},"outputs":{}}},"schemaVersion":"1.0.0.0"}