{"properties":{"connectionReferences":{"shared_commondataserviceforapps":{"runtimeSource":"embedded","connection":{},"api":{"name":"shared_commondataserviceforapps"}}},"definition":{"$schema":"https://schema.management.azure.com/providers/Microsoft.Logic/schemas/2016-06-01/workflowdefinition.json#","contentVersion":"1.0.0.0","parameters":{"$connections":{"defaultValue":{},"type":"Object"},"$authentication":{"defaultValue":{},"type":"SecureObject"}},"triggers":{"manual":{"type":"Request","kind":"VirtualAgent","inputs":{"schema":{"type":"object","properties":{},"required":[]}}}},"actions":{"Return_value(s)_to_Power_Virtual_Agents":{"runAfter":{"Build_Interests_Details":["Succeeded"]},"type":"Response","kind":"VirtualAgent","inputs":{"statusCode":200,"body":{"interestsdetails":"@{outputs('Build_Interests_Details')}"},"schema":{"type":"object","properties":{"interestsdetails":{"title":"interestsDetails","x-ms-dynamically-added":true,"type":"string"}}}}},"Build_Interests_Details":{"runAfter":{"Update_\"Interests_Organized_by_Category\"_variable_-_Finale":["Succeeded"]},"type":"Compose","inputs":"Finally I got the list of my interests (I am sorry it took so long...).\n\n@{variables('interestsOrganizedByCategory')}"},"Initialize_\"Interests_Organized_by_Category\"_variable":{"runAfter":{},"type":"InitializeVariable","inputs":{"variables":[{"name":"interestsOrganizedByCategory","type":"string"}]}},"Get_My_Interests":{"runAfter":{"Categories_code_value_mapping":["Succeeded"]},"type":"OpenApiConnection","inputs":{"host":{"connectionName":"shared_commondataserviceforapps","operationId":"ListRecords","apiId":"/providers/Microsoft.PowerApps/apis/shared_commondataserviceforapps"},"parameters":{"entityName":"cra8f_interests","$orderby":"cra8f_category, cra8f_interest"},"authentication":"@parameters('$authentication')"}},"Categories_code_value_mapping":{"runAfter":{"Initialize_\"Interests_in_Current_Category\"_variable":["Succeeded"]},"type":"Compose","inputs":[{"code":184660000,"value":"Sport"},{"code":184660001,"value":"Entertainment"}]},"For_each_one_of_my_interests":{"foreach":"@outputs('Get_My_Interests')?['body/value']","actions":{"Get_considered_Category_value":{"runAfter":{},"type":"Query","inputs":{"from":"@outputs('Categories_code_value_mapping')","where":"@equals(item()?['code'], items('For_each_one_of_my_interests')?['cra8f_category'])"}},"Build_Interest_Details_line":{"runAfter":{"Set_\"Current_Category_Name\"_variable":["Succeeded"]},"type":"Compose","inputs":"- @{items('For_each_one_of_my_interests')?['cra8f_interest']}"},"If_Category_not_equal_to_Current_Category,_take_a_picture_and_continue":{"actions":{"Add_new_line_to_\"Interests_in_Current_Category\"_variable":{"runAfter":{},"type":"Compose","inputs":"@concat(concat(concat('# ', variables('currentCategoryName')), '\r\n'), concat(variables('interestsInCurrentCategory'), '\r\n'))"},"Update_\"Interests_Organized_by_Category\"_variable":{"runAfter":{"Prepare_\"Interests_Organized_by_Category\"_variable_before_update":["Succeeded"]},"type":"SetVariable","inputs":{"name":"interestsOrganizedByCategory","value":"@{outputs('Prepare_\"Interests_Organized_by_Category\"_variable_before_update')}"}},"Clear_\"Interests_in_Current_Category\"_variable":{"runAfter":{"Update_\"Interests_Organized_by_Category\"_variable":["Succeeded"]},"type":"SetVariable","inputs":{"name":"interestsInCurrentCategory","value":"@{concat('', '')}"}},"Update_\"Current_Category_Code\"_variable":{"runAfter":{"Clear_\"Interests_in_Current_Category\"_variable":["Succeeded"]},"type":"SetVariable","inputs":{"name":"currentCategoryCode","value":"@items('For_each_one_of_my_interests')?['cra8f_category']"}},"Prepare_\"Interests_Organized_by_Category\"_variable_before_update":{"runAfter":{"Add_new_line_to_\"Interests_in_Current_Category\"_variable":["Succeeded"]},"type":"Compose","inputs":"@concat(variables('interestsOrganizedByCategory'), outputs('Add_new_line_to_\"Interests_in_Current_Category\"_variable'))"}},"runAfter":{"Get_considered_Category_value":["Succeeded"]},"expression":{"and":[{"not":{"equals":["@items('For_each_one_of_my_interests')?['cra8f_category']","@variables('currentCategoryCode')"]}},{"equals":["@empty(variables('interestsInCurrentCategory'))","@false"]}]},"type":"If"},"Interest_Details_line_+_New_line":{"runAfter":{"Build_Interest_Details_line":["Succeeded"]},"type":"Compose","inputs":"@concat(outputs('Build_Interest_Details_line'), '\r\n')"},"Add_Interest_Details_line_to_\"Interests_in_Current_Category\"_variable":{"runAfter":{"Interest_Details_line_+_New_line":["Succeeded"]},"type":"Compose","inputs":"@concat(variables('interestsInCurrentCategory'), outputs('Interest_Details_line_+_New_line'))"},"Update_\"Interests_in_Current_Category\"_variable":{"runAfter":{"Add_Interest_Details_line_to_\"Interests_in_Current_Category\"_variable":["Succeeded"]},"type":"SetVariable","inputs":{"name":"interestsInCurrentCategory","value":"@{outputs('Add_Interest_Details_line_to_\"Interests_in_Current_Category\"_variable')}"}},"If_first_loop,_initialization":{"actions":{"Initialize_\"Current_Category_Code\"_variable_value":{"runAfter":{},"type":"SetVariable","inputs":{"name":"currentCategoryCode","value":"@items('For_each_one_of_my_interests')?['cra8f_category']"}}},"runAfter":{"If_Category_not_equal_to_Current_Category,_take_a_picture_and_continue":["Succeeded"]},"expression":{"equals":["@variables('currentCategoryCode')",0]},"type":"If"},"Set_\"Current_Category_Name\"_variable":{"runAfter":{"If_first_loop,_initialization":["Succeeded"]},"type":"SetVariable","inputs":{"name":"currentCategoryName","value":"@{first(body('Get_considered_Category_value'))?['value']}"}}},"runAfter":{"Compose":["Succeeded"]},"type":"Foreach"},"Initialize_\"Current_Category_Code\"_variable":{"runAfter":{"Initialize_\"Interests_Organized_by_Category\"_variable":["Succeeded"]},"type":"InitializeVariable","inputs":{"variables":[{"name":"currentCategoryCode","type":"integer"}]}},"Initialize_\"Interests_in_Current_Category\"_variable":{"runAfter":{"Initialize_\"Current_Category_Name\"_variable":["Succeeded"]},"type":"InitializeVariable","inputs":{"variables":[{"name":"interestsInCurrentCategory","type":"string"}]}},"Add_new_line_to_\"Interests_in_Current_Category\"_variable_-_Finale":{"runAfter":{"For_each_one_of_my_interests":["Succeeded"]},"type":"Compose","inputs":"@concat(concat(concat('# ', variables('currentCategoryName')), '\r\n'), concat(variables('interestsInCurrentCategory'), '\r\n'))"},"Prepare_\"Interests_Organized_by_Category\"_variable_before_update_-_Finale":{"runAfter":{"Add_new_line_to_\"Interests_in_Current_Category\"_variable_-_Finale":["Succeeded"]},"type":"Compose","inputs":"@concat(variables('interestsOrganizedByCategory'), outputs('Add_new_line_to_\"Interests_in_Current_Category\"_variable_-_Finale'))"},"Update_\"Interests_Organized_by_Category\"_variable_-_Finale":{"runAfter":{"Prepare_\"Interests_Organized_by_Category\"_variable_before_update_-_Finale":["Succeeded"]},"type":"SetVariable","inputs":{"name":"interestsOrganizedByCategory","value":"@{outputs('Prepare_\"Interests_Organized_by_Category\"_variable_before_update_-_Finale')}"}},"Initialize_\"Current_Category_Name\"_variable":{"runAfter":{"Initialize_\"Current_Category_Code\"_variable":["Succeeded"]},"type":"InitializeVariable","inputs":{"variables":[{"name":"currentCategoryName","type":"string"}]}},"Compose":{"runAfter":{"Get_My_Interests":["Succeeded"]},"type":"Compose","inputs":"@outputs('Get_My_Interests')?['body']"}},"outputs":{}}},"schemaVersion":"1.0.0.0"}