<ImportExportXml version="9.1.0.18638" SolutionPackageVersion="9.1" languagecode="1033" generatedBy="CrmLive" xmlns:xsi="http://www.w3.org/2001/XMLSchema-instance">
  <SolutionManifest>
    <UniqueName>MyPowerPlatformResume</UniqueName>
    <LocalizedNames>
      <LocalizedName description="My Power Platform Resume" languagecode="1033" />
    </LocalizedNames>
    <Descriptions />
    <Version>1.0.0.0</Version>
    <Managed>0</Managed>
    <Publisher>
      <UniqueName>Crc8c49</UniqueName>
      <LocalizedNames>
        <LocalizedName description="CDS Default Publisher" languagecode="1033" />
      </LocalizedNames>
      <Descriptions />
      <EMailAddress xsi:nil="true"></EMailAddress>
      <SupportingWebsiteUrl xsi:nil="true"></SupportingWebsiteUrl>
      <CustomizationPrefix>cra8f</CustomizationPrefix>
      <CustomizationOptionValuePrefix>18466</CustomizationOptionValuePrefix>
      <Addresses>
        <Address>
          <AddressNumber>1</AddressNumber>
          <AddressTypeCode xsi:nil="true"></AddressTypeCode>
          <City xsi:nil="true"></City>
          <County xsi:nil="true"></County>
          <Country xsi:nil="true"></Country>
          <Fax xsi:nil="true"></Fax>
          <FreightTermsCode xsi:nil="true"></FreightTermsCode>
          <ImportSequenceNumber xsi:nil="true"></ImportSequenceNumber>
          <Latitude xsi:nil="true"></Latitude>
          <Line1 xsi:nil="true"></Line1>
          <Line2 xsi:nil="true"></Line2>
          <Line3 xsi:nil="true"></Line3>
          <Longitude xsi:nil="true"></Longitude>
          <Name xsi:nil="true"></Name>
          <PostalCode xsi:nil="true"></PostalCode>
          <PostOfficeBox xsi:nil="true"></PostOfficeBox>
          <PrimaryContactName xsi:nil="true"></PrimaryContactName>
          <ShippingMethodCode xsi:nil="true"></ShippingMethodCode>
          <StateOrProvince xsi:nil="true"></StateOrProvince>
          <Telephone1 xsi:nil="true"></Telephone1>
          <Telephone2 xsi:nil="true"></Telephone2>
          <Telephone3 xsi:nil="true"></Telephone3>
          <TimeZoneRuleVersionNumber xsi:nil="true"></TimeZoneRuleVersionNumber>
          <UPSZone xsi:nil="true"></UPSZone>
          <UTCOffset xsi:nil="true"></UTCOffset>
          <UTCConversionTimeZoneCode xsi:nil="true"></UTCConversionTimeZoneCode>
        </Address>
        <Address>
          <AddressNumber>2</AddressNumber>
          <AddressTypeCode xsi:nil="true"></AddressTypeCode>
          <City xsi:nil="true"></City>
          <County xsi:nil="true"></County>
          <Country xsi:nil="true"></Country>
          <Fax xsi:nil="true"></Fax>
          <FreightTermsCode xsi:nil="true"></FreightTermsCode>
          <ImportSequenceNumber xsi:nil="true"></ImportSequenceNumber>
          <Latitude xsi:nil="true"></Latitude>
          <Line1 xsi:nil="true"></Line1>
          <Line2 xsi:nil="true"></Line2>
          <Line3 xsi:nil="true"></Line3>
          <Longitude xsi:nil="true"></Longitude>
          <Name xsi:nil="true"></Name>
          <PostalCode xsi:nil="true"></PostalCode>
          <PostOfficeBox xsi:nil="true"></PostOfficeBox>
          <PrimaryContactName xsi:nil="true"></PrimaryContactName>
          <ShippingMethodCode xsi:nil="true"></ShippingMethodCode>
          <StateOrProvince xsi:nil="true"></StateOrProvince>
          <Telephone1 xsi:nil="true"></Telephone1>
          <Telephone2 xsi:nil="true"></Telephone2>
          <Telephone3 xsi:nil="true"></Telephone3>
          <TimeZoneRuleVersionNumber xsi:nil="true"></TimeZoneRuleVersionNumber>
          <UPSZone xsi:nil="true"></UPSZone>
          <UTCOffset xsi:nil="true"></UTCOffset>
          <UTCConversionTimeZoneCode xsi:nil="true"></UTCConversionTimeZoneCode>
        </Address>
      </Addresses>
    </Publisher>
    <RootComponents>
      <RootComponent type="1" schemaName="account" behavior="0" />
      <RootComponent type="1" schemaName="cra8f_certification" behavior="0" />
      <RootComponent type="1" schemaName="cra8f_degree" behavior="0" />
      <RootComponent type="1" schemaName="cra8f_eventparticipation" behavior="0" />
      <RootComponent type="1" schemaName="cra8f_experience" behavior="0" />
      <RootComponent type="1" schemaName="cra8f_interest" behavior="0" />
      <RootComponent type="1" schemaName="cra8f_language" behavior="0" />
      <RootComponent type="1" schemaName="cra8f_personinterest" behavior="0" />
      <RootComponent type="1" schemaName="cra8f_personlanguage" behavior="0" />
      <RootComponent type="1" schemaName="cra8f_personskill" behavior="0" />
      <RootComponent type="1" schemaName="cra8f_profile" behavior="0" />
      <RootComponent type="1" schemaName="cra8f_skill" behavior="0" />
      <RootComponent type="9" schemaName="cra8f_interestcategories" behavior="0" />
      <RootComponent type="9" schemaName="cra8f_languagelevels" behavior="0" />
      <RootComponent type="9" schemaName="cra8f_level" behavior="0" />
      <RootComponent type="9" schemaName="cra8f_participationas" behavior="0" />
      <RootComponent type="29" id="{506ea0a8-ed32-4ef8-ba75-d7a099fe14a1}" behavior="0" />
      <RootComponent type="29" id="{700c67a3-d4a6-ea11-a812-000d3af4346a}" behavior="0" />
      <RootComponent type="29" id="{8dd7f203-3aa5-ea11-a812-000d3af4346a}" behavior="0" />
      <RootComponent type="29" id="{8edbc349-1ea2-ea11-a812-000d3af4346a}" behavior="0" />
      <RootComponent type="29" id="{92b62bdd-97a7-ea11-a812-000d3af4346a}" behavior="0" />
      <RootComponent type="29" id="{c1422d04-cba6-ea11-a812-000d3af4346a}" behavior="0" />
      <RootComponent type="29" id="{d38bd57b-e3a2-ea11-a812-000d3af427b4}" behavior="0" />
      <RootComponent type="29" id="{f0e36f7b-45a5-ea11-a812-000d3af4346a}" behavior="0" />
      <RootComponent type="60" id="{15915835-b87c-49ec-9ffc-bfac3ac44ef1}" behavior="0" />
      <RootComponent type="60" id="{1808df75-3692-ea11-a812-000d3af427b4}" behavior="0" />
      <RootComponent type="60" id="{19180dcf-2a19-4a94-bec6-aeee78c8001f}" behavior="0" />
      <RootComponent type="60" id="{3f5907ec-f556-4e53-a7fb-aa93308239f1}" behavior="0" />
      <RootComponent type="60" id="{6b02079c-5825-4b82-af78-9cc3a027dbea}" behavior="0" />
      <RootComponent type="60" id="{75f4f9e7-8684-4f7d-bbbc-9014961c5a98}" behavior="0" />
      <RootComponent type="60" id="{7a139ef1-5785-48a3-904b-ea6afe7c0f08}" behavior="0" />
      <RootComponent type="60" id="{a4801942-0cf4-430a-9edf-09f8bc7d3bf1}" behavior="0" />
      <RootComponent type="60" id="{ae57c8b1-b9b4-4caa-aa25-45572a5769e7}" behavior="0" />
      <RootComponent type="60" id="{bfe79212-d56a-4b2c-b904-90ecb0227cfd}" behavior="0" />
      <RootComponent type="60" id="{c9e7ec2d-efca-4e4c-b3e3-f63c4bba5e4b}" behavior="0" />
      <RootComponent type="60" id="{cb569293-3192-ea11-a812-000d3af427b4}" behavior="0" />
      <RootComponent type="60" id="{dfdcfd98-00cd-4e40-a7ff-8c2e464ced79}" behavior="0" />
      <RootComponent type="60" id="{f3f25438-1eaf-4a7d-99e3-f43fcfcfb61c}" behavior="0" />
      <RootComponent type="60" id="{f67e4911-9cae-4825-a2d2-53d4ec5b7831}" behavior="0" />
      <RootComponent type="60" id="{f988d460-f1dd-452d-a983-303d558d918e}" behavior="0" />
      <RootComponent type="61" schemaName="cra8f_MyResumePicture" behavior="0" />
      <RootComponent type="62" schemaName="cra8f_MyResume" behavior="0" />
      <RootComponent type="80" schemaName="cra8f_MyResume" behavior="0" />
      <RootComponent type="300" schemaName="cra8f_myresumeforphone_f6287" behavior="0" />
      <RootComponent type="300" schemaName="cra8f_myresumefortablet_314e7" behavior="0" />
      <RootComponent type="300" schemaName="cra8f_myresumeinpowerbiapp_047ce" behavior="0" />
      <RootComponent type="431" schemaName="cra8f_eventparticipation cra8f_eventpicture" behavior="0" />
      <RootComponent type="431" schemaName="cra8f_profile cra8f_picture" behavior="0" />
      <RootComponent type="431" schemaName="cra8f_skill cra8f_picture" behavior="0" />
      <RootComponent type="432" schemaName="cra8f_eventparticipation" behavior="0" />
      <RootComponent type="432" schemaName="cra8f_profile" behavior="0" />
      <RootComponent type="432" schemaName="cra8f_skill" behavior="0" />
    </RootComponents>
    <MissingDependencies>
      <MissingDependency>
        <Required key="0" type="1" schemaName="msdyn_accountpricelist" displayName="Account Project Price List" solution="ProjectService (3.10.0.31)" />
        <Dependent key="1" type="60" displayName="Account" parentDisplayName="Account" id="{8448b78f-8f42-454e-8e2a-f8196b0419af}" />
      </MissingDependency>
      <MissingDependency>
        <Required key="2" type="1" schemaName="opportunity" displayName="Opportunity" solution="msdynce_Sales (9.0.4.0076)" />
        <Dependent key="1" type="60" displayName="Account" parentDisplayName="Account" id="{8448b78f-8f42-454e-8e2a-f8196b0419af}" />
      </MissingDependency>
      <MissingDependency>
        <Required key="3" type="1" schemaName="incident" displayName="Case" solution="msdynce_Service (9.0.5.56)" />
        <Dependent key="1" type="60" displayName="Account" parentDisplayName="Account" id="{8448b78f-8f42-454e-8e2a-f8196b0419af}" />
      </MissingDependency>
      <MissingDependency>
        <Required key="4" type="2" schemaName="defaultpricelevelid" displayName="Product Price List" parentSchemaName="account" parentDisplayName="Account" solution="msdynce_ProductManagement (9.0.4.0066)" />
        <Dependent key="1" type="60" displayName="Account" parentDisplayName="Account" id="{8448b78f-8f42-454e-8e2a-f8196b0419af}" />
      </MissingDependency>
      <MissingDependency>
        <Required key="5" type="2" schemaName="originatingleadid" displayName="Originating Lead" parentSchemaName="account" parentDisplayName="Account" solution="msdynce_LeadManagement (9.0.4.0066)" />
        <Dependent key="1" type="60" displayName="Account" parentDisplayName="Account" id="{8448b78f-8f42-454e-8e2a-f8196b0419af}" />
      </MissingDependency>
      <MissingDependency>
        <Required key="6" type="10" schemaName="msdyn_account_msdyn_accountpricelist_Account" displayName="msdyn_account_msdyn_accountpricelist_Account" parentSchemaName="account" parentDisplayName="Account" solution="ProjectService (3.10.0.31)" />
        <Dependent key="1" type="60" displayName="Account" parentDisplayName="Account" id="{8448b78f-8f42-454e-8e2a-f8196b0419af}" />
      </MissingDependency>
      <MissingDependency>
        <Required key="7" type="10" schemaName="msdyn_account_msdyn_project_Customer" displayName="msdyn_account_msdyn_project_Customer" parentSchemaName="account" parentDisplayName="Account" solution="ProjectService (3.10.0.31)" />
        <Dependent key="1" type="60" displayName="Account" parentDisplayName="Account" id="{8448b78f-8f42-454e-8e2a-f8196b0419af}" />
      </MissingDependency>
      <MissingDependency>
        <Required key="8" type="26" schemaName="Active Project Price Lists" displayName="Active Project Price Lists" parentSchemaName="msdyn_accountpricelist" parentDisplayName="Account Project Price List" solution="ProjectService (3.10.0.31)" id="{9e8bd99a-72e8-49fe-8c6f-ec1ac8407f5a}" />
        <Dependent key="1" type="60" displayName="Account" parentDisplayName="Account" id="{8448b78f-8f42-454e-8e2a-f8196b0419af}" />
      </MissingDependency>
      <MissingDependency>
        <Required key="9" type="26" schemaName="All Cases for Customer" displayName="All Cases for Customer" parentSchemaName="incident" parentDisplayName="Case" solution="msdynce_Service (9.0.5.56)" id="{00000000-0000-0000-00aa-000010001039}" />
        <Dependent key="1" type="60" displayName="Account" parentDisplayName="Account" id="{8448b78f-8f42-454e-8e2a-f8196b0419af}" />
      </MissingDependency>
      <MissingDependency>
        <Required key="10" type="26" schemaName="Recent Opportunities" displayName="Recent Opportunities" parentSchemaName="opportunity" parentDisplayName="Opportunity" solution="msdynce_Sales (9.0.4.0076)" id="{9c3f7ee8-eca7-e211-9fb6-00155dd0ea05}" />
        <Dependent key="1" type="60" displayName="Account" parentDisplayName="Account" id="{8448b78f-8f42-454e-8e2a-f8196b0419af}" />
      </MissingDependency>
      <MissingDependency>
        <Required key="11" type="26" schemaName="My Open Opportunities" displayName="My Open Opportunities" parentSchemaName="opportunity" parentDisplayName="Opportunity" solution="msdynce_Sales (9.0.4.0076)" id="{00000000-0000-0000-00aa-000010003000}" />
        <Dependent key="1" type="60" displayName="Account" parentDisplayName="Account" id="{8448b78f-8f42-454e-8e2a-f8196b0419af}" />
      </MissingDependency>
      <MissingDependency>
        <Required key="12" type="59" schemaName="Top Customers" displayName="Top Customers" parentSchemaName="opportunity" parentDisplayName="Opportunity" solution="msdynce_Sales (9.0.4.0076)" id="{8bc5fb18-48f2-4782-9e16-3d452fa4ddce}" />
        <Dependent key="1" type="60" displayName="Account" parentDisplayName="Account" id="{8448b78f-8f42-454e-8e2a-f8196b0419af}" />
      </MissingDependency>
      <MissingDependency>
        <Required key="1" type="60" displayName="Account" parentDisplayName="Account" solution="msdynce_AppCommon (9.0.4.0066)" id="{8448b78f-8f42-454e-8e2a-f8196b0419af}" />
        <Dependent key="1" type="60" displayName="Account" parentDisplayName="Account" id="{8448b78f-8f42-454e-8e2a-f8196b0419af}" />
      </MissingDependency>
      <MissingDependency>
        <Required key="13" type="60" displayName="account contact card" parentDisplayName="Contact" solution="msdynce_AppCommon (9.0.4.0066)" id="{29de27bc-a257-4f29-99cf-bab4a84e688f}" />
        <Dependent key="1" type="60" displayName="Account" parentDisplayName="Account" id="{8448b78f-8f42-454e-8e2a-f8196b0419af}" />
      </MissingDependency>
      <MissingDependency>
        <Required key="14" type="66" schemaName="MscrmControls.CardFeedContainer.CardFeedContainer" displayName="MscrmControls.CardFeedContainer.CardFeedContainer" solution="BaseCustomControlsCore (9.0.2005.4026)" />
        <Dependent key="1" type="60" displayName="Account" parentDisplayName="Account" id="{8448b78f-8f42-454e-8e2a-f8196b0419af}" />
      </MissingDependency>
      <MissingDependency>
        <Required key="15" type="61" schemaName="msdyn_/Libraries/require/require.js" displayName="msdyn_/Libraries/require/require.js" solution="ProjectService (3.10.0.31)" />
        <Dependent key="1" type="60" displayName="Account" parentDisplayName="Account" id="{8448b78f-8f42-454e-8e2a-f8196b0419af}" />
      </MissingDependency>
      <MissingDependency>
        <Required key="16" type="2" schemaName="territoryid" displayName="Territory" parentSchemaName="account" parentDisplayName="Account" solution="msdynce_Sales (9.0.4.0076)" />
        <Dependent key="17" type="60" displayName="Information" parentDisplayName="Account" id="{b053a39a-041a-4356-acef-ddf00182762b}" />
      </MissingDependency>
      <MissingDependency>
        <Required key="5" type="2" schemaName="originatingleadid" displayName="Originating Lead" parentSchemaName="account" parentDisplayName="Account" solution="msdynce_LeadManagement (9.0.4.0066)" />
        <Dependent key="17" type="60" displayName="Information" parentDisplayName="Account" id="{b053a39a-041a-4356-acef-ddf00182762b}" />
      </MissingDependency>
      <MissingDependency>
        <Required key="4" type="2" schemaName="defaultpricelevelid" displayName="Product Price List" parentSchemaName="account" parentDisplayName="Account" solution="msdynce_ProductManagement (9.0.4.0066)" />
        <Dependent key="17" type="60" displayName="Information" parentDisplayName="Account" id="{b053a39a-041a-4356-acef-ddf00182762b}" />
      </MissingDependency>
      <MissingDependency>
        <Required key="17" type="60" displayName="Information" parentDisplayName="Account" solution="msdynce_AppCommon (9.0.4.0066)" id="{b053a39a-041a-4356-acef-ddf00182762b}" />
        <Dependent key="17" type="60" displayName="Information" parentDisplayName="Account" id="{b053a39a-041a-4356-acef-ddf00182762b}" />
      </MissingDependency>
      <MissingDependency>
        <Required key="18" type="61" schemaName="AppCommon/Account/Account_main_system_library.js" displayName="AppCommon/Account/Account_main_system_library.js" solution="msdynce_AppCommon (9.0.4.0066)" />
        <Dependent key="17" type="60" displayName="Information" parentDisplayName="Account" id="{b053a39a-041a-4356-acef-ddf00182762b}" />
      </MissingDependency>
      <MissingDependency>
        <Required key="19" type="61" schemaName="msdyn_/ActivityFeeds.Form.js" displayName="msdyn_/ActivityFeeds.Form.js" solution="ActivityFeedsCore (9.0.0.0)" />
        <Dependent key="17" type="60" displayName="Information" parentDisplayName="Account" id="{b053a39a-041a-4356-acef-ddf00182762b}" />
      </MissingDependency>
      <MissingDependency>
        <Required key="20" type="61" schemaName="msdyn_/RecordWall.htm" displayName="msdyn_/RecordWall.htm" solution="ActivityFeedsCore (9.0.0.0)" />
        <Dependent key="17" type="60" displayName="Information" parentDisplayName="Account" id="{b053a39a-041a-4356-acef-ddf00182762b}" />
      </MissingDependency>
      <MissingDependency>
        <Required key="21" type="26" schemaName="All Accounts" displayName="All Accounts" parentSchemaName="account" parentDisplayName="Account" solution="msdynce_AppCommon (9.0.4.0066)" id="{65ffaf9a-e8c5-432d-860b-32f841b00d87}" />
        <Dependent key="22" type="60" displayName="Accounts Dashboard" parentDisplayName="Account" id="{15915835-b87c-49ec-9ffc-bfac3ac44ef1}" />
      </MissingDependency>
      <MissingDependency>
        <Required key="22" type="60" displayName="Accounts Dashboard" parentDisplayName="Account" solution="msdynce_Service (9.0.5.56)" id="{15915835-b87c-49ec-9ffc-bfac3ac44ef1}" />
        <Dependent key="22" type="60" displayName="Accounts Dashboard" parentDisplayName="Account" id="{15915835-b87c-49ec-9ffc-bfac3ac44ef1}" />
      </MissingDependency>
      <MissingDependency>
        <Required key="23" type="60" displayName="Account Quick Create" parentDisplayName="Account" solution="msdynce_AppCommon (9.0.4.0066)" id="{c9e7ec2d-efca-4e4c-b3e3-f63c4bba5e4b}" />
        <Dependent key="23" type="60" displayName="Account Quick Create" parentDisplayName="Account" id="{c9e7ec2d-efca-4e4c-b3e3-f63c4bba5e4b}" />
      </MissingDependency>
      <MissingDependency>
        <Required key="24" type="66" schemaName="driv_DR.CountryPicker" displayName="driv_DR.CountryPicker" solution="CountryPickerPCF (1.0.0.3)" />
        <Dependent key="23" type="60" displayName="Account Quick Create" parentDisplayName="Account" id="{c9e7ec2d-efca-4e4c-b3e3-f63c4bba5e4b}" />
      </MissingDependency>
      <MissingDependency>
        <Required key="25" type="66" schemaName="MscrmControls.FlipSwitch.FlipSwitchControl" displayName="MscrmControls.FlipSwitch.FlipSwitchControl" solution="CustomControlsCore (9.1.0000.18638)" />
        <Dependent key="26" type="60" displayName="New Form" parentDisplayName="Skill" id="{7a139ef1-5785-48a3-904b-ea6afe7c0f08}" />
      </MissingDependency>
      <MissingDependency>
        <Required key="25" type="66" schemaName="MscrmControls.FlipSwitch.FlipSwitchControl" displayName="MscrmControls.FlipSwitch.FlipSwitchControl" solution="CustomControlsCore (9.1.0000.18638)" />
        <Dependent key="27" type="60" displayName="New Form" parentDisplayName="Person Language" id="{a4801942-0cf4-430a-9edf-09f8bc7d3bf1}" />
      </MissingDependency>
      <MissingDependency>
        <Required key="28" type="66" schemaName="PCFControls.SocialIconsControl" displayName="PCFControls.SocialIconsControl" solution="SocialMediaIconsControl (1.0)" />
        <Dependent key="29" type="60" displayName="Version 1" parentDisplayName="Profile" id="{1808df75-3692-ea11-a812-000d3af427b4}" />
      </MissingDependency>
      <MissingDependency>
        <Required key="30" type="66" schemaName="cvz_Canviz.IntlTelInputComponent" displayName="cvz_Canviz.IntlTelInputComponent" solution="IntlTelInputSolution (1.12)" />
        <Dependent key="29" type="60" displayName="Version 1" parentDisplayName="Profile" id="{1808df75-3692-ea11-a812-000d3af427b4}" />
      </MissingDependency>
      <MissingDependency>
        <Required key="24" type="66" schemaName="driv_DR.CountryPicker" displayName="driv_DR.CountryPicker" solution="CountryPickerPCF (1.0.0.3)" />
        <Dependent key="29" type="60" displayName="Version 1" parentDisplayName="Profile" id="{1808df75-3692-ea11-a812-000d3af427b4}" />
      </MissingDependency>
      <MissingDependency>
        <Required key="28" type="66" schemaName="PCFControls.SocialIconsControl" displayName="PCFControls.SocialIconsControl" solution="SocialMediaIconsControl (1.0)" />
        <Dependent key="31" type="60" displayName="Version 2" parentDisplayName="Profile" id="{cb569293-3192-ea11-a812-000d3af427b4}" />
      </MissingDependency>
      <MissingDependency>
        <Required key="30" type="66" schemaName="cvz_Canviz.IntlTelInputComponent" displayName="cvz_Canviz.IntlTelInputComponent" solution="IntlTelInputSolution (1.12)" />
        <Dependent key="31" type="60" displayName="Version 2" parentDisplayName="Profile" id="{cb569293-3192-ea11-a812-000d3af427b4}" />
      </MissingDependency>
      <MissingDependency>
        <Required key="24" type="66" schemaName="driv_DR.CountryPicker" displayName="driv_DR.CountryPicker" solution="CountryPickerPCF (1.0.0.3)" />
        <Dependent key="31" type="60" displayName="Version 2" parentDisplayName="Profile" id="{cb569293-3192-ea11-a812-000d3af427b4}" />
      </MissingDependency>
      <MissingDependency>
        <Required key="32" type="1" schemaName="msdyn_invoicelinetransaction" displayName="Invoice Line Detail" solution="ProjectService (3.10.0.31)" />
        <Dependent key="33" type="1" schemaName="account" displayName="Account" />
      </MissingDependency>
      <MissingDependency>
        <Required key="34" type="1" schemaName="msdyn_project" displayName="Project" solution="ProjectService (3.10.0.31)" />
        <Dependent key="33" type="1" schemaName="account" displayName="Account" />
      </MissingDependency>
      <MissingDependency>
        <Required key="35" type="1" schemaName="msdyn_journalline" displayName="Journal Line" solution="ProjectService (3.10.0.31)" />
        <Dependent key="33" type="1" schemaName="account" displayName="Account" />
      </MissingDependency>
      <MissingDependency>
        <Required key="36" type="1" schemaName="msdyn_opportunitylinetransaction" displayName="Opportunity Line Detail (Deprecated)" solution="ProjectService (3.10.0.31)" />
        <Dependent key="33" type="1" schemaName="account" displayName="Account" />
      </MissingDependency>
      <MissingDependency>
        <Required key="37" type="1" schemaName="msdyn_estimateline" displayName="Estimate Line" solution="ProjectService (3.10.0.31)" />
        <Dependent key="33" type="1" schemaName="account" displayName="Account" />
      </MissingDependency>
      <MissingDependency>
        <Required key="38" type="1" schemaName="msdyn_quotelinetransaction" displayName="Quote Line Detail" solution="ProjectService (3.10.0.31)" />
        <Dependent key="33" type="1" schemaName="account" displayName="Account" />
      </MissingDependency>
      <MissingDependency>
        <Required key="39" type="1" schemaName="msdyn_fact" displayName="Fact" solution="ProjectService (3.10.0.31)" />
        <Dependent key="33" type="1" schemaName="account" displayName="Account" />
      </MissingDependency>
      <MissingDependency>
        <Required key="40" type="1" schemaName="msdyn_orderlinetransaction" displayName="Project Contract Line Detail" solution="ProjectService (3.10.0.31)" />
        <Dependent key="33" type="1" schemaName="account" displayName="Account" />
      </MissingDependency>
      <MissingDependency>
        <Required key="0" type="1" schemaName="msdyn_accountpricelist" displayName="Account Project Price List" solution="ProjectService (3.10.0.31)" />
        <Dependent key="33" type="1" schemaName="account" displayName="Account" />
      </MissingDependency>
      <MissingDependency>
        <Required key="41" type="1" schemaName="msdyn_actual" displayName="Actual" solution="MicrosoftDynamicsScheduling (3.12.0.448)" />
        <Dependent key="33" type="1" schemaName="account" displayName="Account" />
      </MissingDependency>
      <MissingDependency>
        <Required key="42" type="1" schemaName="msdyn_customerasset" displayName="Device" solution="msdyn_AssetCommon (1.0.0.30)" />
        <Dependent key="33" type="1" schemaName="account" displayName="Account" />
      </MissingDependency>
      <MissingDependency>
        <Required key="43" type="1" schemaName="msdyn_iotdevice" displayName="IoT Device" solution="IoTConnector (1.7.7.107)" />
        <Dependent key="33" type="1" schemaName="account" displayName="Account" />
      </MissingDependency>
      <MissingDependency>
        <Required key="44" type="66" schemaName="powm_Maverick.Controls.HoverDetailsListControl" displayName="powm_Maverick.Controls.HoverDetailsListControl" solution="Active" />
        <Dependent key="45" type="26" schemaName="Active Experiences" displayName="Active Experiences" parentSchemaName="cra8f_experience" parentDisplayName="Experience" id="{ec7f7215-25cf-4cb7-b602-6b14a4eb3322}" />
      </MissingDependency>
      <MissingDependency>
        <Required key="44" type="66" schemaName="powm_Maverick.Controls.HoverDetailsListControl" displayName="powm_Maverick.Controls.HoverDetailsListControl" solution="Active" />
        <Dependent key="46" type="26" schemaName="Active Event Participations" displayName="Active Event Participations" parentSchemaName="cra8f_eventparticipation" parentDisplayName="Event Participation" id="{1bf9fc94-12ce-4a93-8c45-0f83d57adf4c}" />
      </MissingDependency>
    </MissingDependencies>
  </SolutionManifest>
</ImportExportXml>