<ImportExportXml xmlns:xsi="http://www.w3.org/2001/XMLSchema-instance">
  <Entities></Entities>
  <Roles></Roles>
  <Workflows></Workflows>
  <FieldSecurityProfiles></FieldSecurityProfiles>
  <Templates />
  <EntityMaps />
  <EntityRelationships />
  <OrganizationSettings />
  <optionsets />
  <CustomControls />
  <EntityDataProviders />
  <Connectors>
    <Connector>
      <connectorid>2d25f8fa-f492-4fc2-8d8b-43ff69bb9594</connectorid>
      <description></description>
      <displayname>Azure DevOps Service Endpoints</displayname>
      <iconbrandcolor>#007ee5</iconbrandcolor>
      <name>rpo_5Fazure-20devops-20service-20endpoints</name>
      <connectortype>1</connectortype>
      <openapidefinition>/Connector/rpo_5Fazure-20devops-20service-20endpoints_openapidefinition.json</openapidefinition>
      <connectionparameters>/Connector/rpo_5Fazure-20devops-20service-20endpoints_connectionparameters.json</connectionparameters>
      <policytemplateinstances>/Connector/rpo_5Fazure-20devops-20service-20endpoints_policytemplateinstances.json</policytemplateinstances>
      <iconblob>/Connector/rpo_5Fazure-20devops-20service-20endpoints_iconblob.Png</iconblob>
    </Connector>
  </Connectors>
  <connectionreferences>
    <connectionreference connectionreferencelogicalname="rpo_sharedpowerplatformforadmins_805b3">
      <connectionreferencedisplayname>Power Platform for Admins</connectionreferencedisplayname>
      <connectorid>/providers/Microsoft.PowerApps/apis/shared_powerplatformforadmins</connectorid>
      <iscustomizable>1</iscustomizable>
      <statecode>0</statecode>
      <statuscode>1</statuscode>
    </connectionreference>
    <connectionreference connectionreferencelogicalname="rpo_sharedcommondataserviceforapps_a9540">
      <connectionreferencedisplayname>Common Data Service (current environment)</connectionreferencedisplayname>
      <connectorid>/providers/Microsoft.PowerApps/apis/shared_commondataserviceforapps</connectorid>
      <iscustomizable>1</iscustomizable>
      <statecode>0</statecode>
      <statuscode>1</statuscode>
    </connectionreference>
    <connectionreference connectionreferencelogicalname="rpo_sharedteams_96254">
      <connectionreferencedisplayname>Microsoft Teams</connectionreferencedisplayname>
      <connectorid>/providers/Microsoft.PowerApps/apis/shared_teams</connectorid>
      <iscustomizable>1</iscustomizable>
      <statecode>0</statecode>
      <statuscode>1</statuscode>
    </connectionreference>
    <connectionreference connectionreferencelogicalname="rpo_sharedapprovals_9beb5">
      <connectionreferencedisplayname>Approvals</connectionreferencedisplayname>
      <connectorid>/providers/Microsoft.PowerApps/apis/shared_approvals</connectorid>
      <iscustomizable>1</iscustomizable>
      <statecode>0</statecode>
      <statuscode>1</statuscode>
    </connectionreference>
    <connectionreference connectionreferencelogicalname="rpo_AzureDevOpsServiceEndpoints">
      <connectionreferencedisplayname>Azure DevOps Service Endpoints</connectionreferencedisplayname>
      <connectorid>/providers/Microsoft.PowerApps/apis/shared_rpo-5fazure-20devops-20service-20endpoints-5f0b875a1f706f9601</connectorid>
      <customconnectorid>
        <connectorid>2d25f8fa-f492-4fc2-8d8b-43ff69bb9594</connectorid>
      </customconnectorid>
      <iscustomizable>1</iscustomizable>
      <statecode>0</statecode>
      <statuscode>1</statuscode>
    </connectionreference>
  </connectionreferences>
  <Languages>
    <Language>1033</Language>
  </Languages>
</ImportExportXml>