<?xml version="1.0" encoding="UTF-8" standalone="yes"?>
<manifest>
  <control namespace="Canviz" constructor="IntlTelInputComponent" version="0.0.12" display-name-key="IntlTelInputComponent" description-key="IntlTelInputComponent description" control-type="standard" api-version="1.2.1">
    <property name="Phone" display-name-key="Phone_Display_Key" description-key="Phone_Desc_Key" of-type="SingleLine.Text" usage="bound" required="true"/>
    <resources>
      <code path="bundle.js" order="1"/>
      <css path="IntlTelInputLib/css/intlTelInput.min.css" order="2"/>
      <css path="css/IntlTelInputComponent.css" order="3"/>
    </resources>
    <built-by name="pac" version="1.1.6"/>
  </control>
</manifest>